Pair,Choice,Position,Time
images/Portrait_of_Martin_Luther.jpg vs images/Portrait_of_a_Young_Girl.jpg,images/Portrait_of_Martin_Luther.jpg,left,474.117
images/Portrait_of_a_Lady.jpg vs images/Portrait_of_Johann_Friedrich.jpg,images/Portrait_of_a_Lady.jpg,left,7.994
images/Portrait_of_Martin_Luther.jpg vs images/Portrait_of_a_Saxon_Princess.jpg,images/Portrait_of_Martin_Luther.jpg,left,6.423
images/Portrait_of_a_Lady.jpg vs images/Portrait_of_Martin_Luther.jpg,images/Portrait_of_a_Lady.jpg,left,9.799
images/Portrait_of_a_Lady.jpg vs images/Portrait_of_a_Young_Girl.jpg,images/Portrait_of_a_Lady.jpg,left,5.901
images/Portrait_of_Johann_Friedrich.jpg vs images/Portrait_of_a_Saxon_Princess.jpg,images/Portrait_of_Johann_Friedrich.jpg,left,9.498
images/Portrait_of_a_Young_Girl.jpg vs images/Portrait_of_a_Saxon_Princess.jpg,images/Portrait_of_a_Young_Girl.jpg,left,3.327
images/Portrait_of_a_Lady.jpg vs images/Portrait_of_a_Saxon_Princess.jpg,images/Portrait_of_a_Lady.jpg,left,2.749
images/Portrait_of_Johann_Friedrich.jpg vs images/Portrait_of_a_Young_Girl.jpg,images/Portrait_of_a_Young_Girl.jpg,right,5.934
images/Portrait_of_Johann_Friedrich.jpg vs images/Portrait_of_Martin_Luther.jpg,images/Portrait_of_Martin_Luther.jpg,right,4.866